SITE_NAME,YEAR,WEEK,TOTAL_SITE_REVENUE,TOTAL_SPEND,TOTAL_MARKETING_REVENUE,SEO_REVENUE,PAID_SEARCH_REVENUE,PAID_SEARCH_SPEND,CSE_REVENUE,CSE_SPEND,DISPLAY_RETARGETING_REVENUE,DISPLAY_RETARGETING_SPEND,EMAIL_REVENUE,AFFILIATE_REVENUE,AFFILIATE_SPEND,DISPLAY_VIDEO_REVENUE,DISPLAY_VIDEO_SPEND,SOCIAL_REVENUE,SOCIAL_SPEND,DIRECT_REVENUE,REFERRAL_REVENUE,OFFLINE_REVENUE,BUDGET_RELEASED_AT
RevZilla,2017,1,3074899.42,131324.85,2239432.56,1090106.42,474000.09,63238.77,326688.41,51414.14,24551.95,3969.51,235698.69,14731.17,2381.71,29462.34,1323.17,44193.5,8997.55,353548.03,58924.67,294623.36,2018-01-04 12:44:08.121
RevZilla,2017,2,2949453.09,125967.2,2148070.67,1045633.47,454662.36,60658.83,313360.54,49316.6,23550.3,3807.57,226082.91,14130.18,2284.54,28260.36,1269.19,42390.55,8630.48,339124.37,56520.73,282603.64,2018-01-04 12:44:08.121
RevZilla,2017,3,2838711.06,121237.56,2067417.85,1006373.45,437591.32,58381.29,301594.9,47464.93,22666.07,3664.6,217594.26,13599.64,2198.76,27199.28,1221.53,40798.92,8306.44,326391.39,54398.56,271992.83,2018-01-04 12:44:08.121
RevZilla,2017,4,2756381.81,117721.39,2007457.91,977186.27,424900.15,56688.1,292847.95,46088.33,22008.7,3558.32,211283.52,13205.22,2134.99,26410.44,1186.11,39615.66,8065.53,316925.28,52820.88,264104.4,2018-01-04 12:44:08.121
RevZilla,2017,5,2496470.37,113828.17,1842395.13,848799.92,349505.85,51808.43,249647.04,41024.05,49929.41,6527.16,259632.92,14978.82,2175.72,27461.17,1631.79,42440,10661.02,349505.85,49929.41,254639.98,2018-01-04 12:44:08.121
RevZilla,2017,6,2566831.85,117036.35,1894321.91,872722.83,359356.46,53268.62,256683.19,42180.29,51336.64,6711.12,266950.51,15400.99,2237.04,28235.15,1677.78,43636.14,10961.5,359356.46,51336.64,261816.85,2018-01-04 12:44:08.121
RevZilla,2017,7,2592044.42,118185.93,1912928.78,881295.1,362886.22,53791.85,259204.44,42594.6,51840.89,6777.04,269572.62,15552.27,2259.01,28512.49,1694.26,44064.76,11069.17,362886.22,51840.89,264388.53,2018-01-04 12:44:08.121
RevZilla,2017,8,3818885.85,174124.55,2818337.76,1298421.19,534644.02,79252.09,381888.58,62755.06,76377.72,9984.68,397164.13,22913.32,3328.23,42007.74,2496.17,64921.06,16308.32,534644.02,76377.72,389526.36,2018-01-04 12:44:08.121
RevZilla,2017,9,4215596.09,155435.91,3022582.39,1306834.79,594399.05,70156.77,421559.61,55507.01,105389.9,13350.73,434206.4,29509.17,4005.22,46371.56,2002.61,84311.92,10413.57,602830.24,126467.88,463715.57,2018-01-04 12:44:08.121
RevZilla,2017,10,3468766.83,127899.09,2487105.82,1075317.72,489096.12,57727.89,346876.68,45673.46,86719.17,10985.54,357282.98,24281.37,3295.66,38156.44,1647.83,69375.34,8568.72,496033.66,104063,381564.35,2018-01-04 12:44:08.121
RevZilla,2017,11,3559947.91,131261.09,2552482.65,1103583.85,501952.66,59245.34,355994.79,46874.05,88998.7,11274.3,366674.63,24919.64,3382.29,39159.43,1691.15,71198.96,8793.96,509072.55,106798.44,391594.27,2018-01-04 12:44:08.121
RevZilla,2017,12,2254370.51,83122.32,1616383.66,698854.86,317866.24,37517.67,225437.05,29683.43,56359.26,7139.56,232200.16,15780.59,2141.87,24798.08,1070.93,45087.41,5568.86,322374.98,67631.12,247980.76,2018-01-04 12:44:08.121
RevZilla,2017,13,2289201.57,84406.6,1641357.52,709652.49,322777.42,38097.34,228920.16,30142.05,57230.04,7249.87,235787.76,16024.41,2174.96,25181.22,1087.48,45784.03,5654.9,327355.82,68676.05,251812.17,2018-01-04 12:44:08.121
RevZilla,2017,14,2257519.02,90300.79,1684109.19,767556.47,318310.18,36932.1,214464.31,31872.66,112875.95,12966.25,191889.12,15802.63,2700.07,24832.71,920.48,38377.82,4909.23,279932.36,67725.57,225751.9,2018-01-04 12:44:08.121
RevZilla,2017,15,2287316.31,91492.68,1706337.96,777687.54,322511.6,37419.58,217295.05,32293.35,114365.81,13137.39,194421.89,16011.21,2735.71,25160.48,932.63,38884.38,4974.02,283627.22,68619.49,228731.63,2018-01-04 12:44:08.121
RevZilla,2017,16,2248948.23,89957.96,1677715.38,764642.4,317101.7,36791.89,213650.08,31751.65,112447.41,12917.02,191160.6,15742.64,2689.82,24738.43,916.99,38232.12,4890.59,278869.58,67468.45,224894.82,2018-01-04 12:44:08.121
RevZilla,2017,17,2403263.71,96130.58,1792834.72,817109.66,338860.18,39316.43,228310.05,33930.34,120163.18,13803.34,204277.42,16822.85,2874.39,26435.9,979.91,40855.48,5226.16,298004.7,72097.91,240326.37,2018-01-04 12:44:08.121
RevZilla,2017,18,2851924.11,114076.98,2127535.39,969654.2,402121.3,47508.04,270932.79,41705.7,142596.2,16847.08,242413.55,19963.47,3153.9,31371.17,657.06,48482.71,4205.2,353638.59,85557.72,285192.41,2018-01-04 12:44:08.121
RevZilla,2017,19,3271143.33,130845.75,2440272.92,1112188.73,461231.21,54491.49,310758.62,47836.24,163557.17,19323.52,278047.18,22898,3617.51,35982.58,753.65,55609.44,4823.34,405621.77,98134.3,327114.33,2018-01-04 12:44:08.121
RevZilla,2017,20,3567321.64,142692.89,2661221.94,1212889.35,502992.35,59425.3,338895.56,52167.46,178366.08,21073.13,303222.34,24971.25,3945.05,39240.54,821.88,60644.47,5260.06,442347.88,107019.65,356732.16,2018-01-04 12:44:08.121
RevZilla,2017,21,3873408.8,154936.38,2889562.96,1316958.99,546150.64,64524.17,367973.84,56643.59,193670.44,22881.27,329239.75,27113.86,4283.54,42607.5,892.41,65847.95,5711.39,480302.69,116202.27,387340.88,2018-01-04 12:44:08.121
RevZilla,2017,22,4456003.55,176173.17,3337546.66,1604161.28,623840.5,77003.15,401040.32,65059.53,178240.14,22318.9,378760.3,31192.03,4509.93,49016.04,1644.25,71296.06,5637.42,539176.43,133680.11,445600.36,2018-01-04 12:44:08.121
RevZilla,2017,23,4767025.89,188469.79,3570502.39,1716129.32,667383.62,82377.85,429032.33,69600.59,190681.03,23876.73,405197.2,33369.18,4824.72,52437.28,1759.01,76272.42,6030.9,576810.13,143010.78,476702.59,2018-01-04 12:44:08.121
RevZilla,2017,24,4807699.23,190077.86,3600966.73,1730771.72,673077.89,83080.72,432692.93,70194.44,192307.97,24080.45,408654.44,33653.89,4865.88,52884.69,1774.02,76923.19,6082.36,581731.61,144230.98,480769.92,2018-01-04 12:44:08.121
RevZilla,2017,25,4784227.71,189149.89,3583386.55,1722321.97,669791.88,82675.11,430580.49,69851.74,191369.11,23962.89,406659.36,33489.59,4842.13,52626.5,1765.36,76547.64,6052.66,578891.55,143526.83,478422.77,2018-01-04 12:44:08.121
RevZilla,2017,26,4898058.7,193650.33,3668645.97,1763301.13,685728.22,84642.2,440825.28,71513.72,195922.35,24533.04,416334.99,34286.41,4957.34,53878.64,1807.36,78368.94,6196.67,592665.1,146941.76,489805.87,2018-01-04 12:44:08.121
RevZilla,2017,27,4627690.06,174863.36,3466397.79,1665598.47,689372.7,82006.96,407146.29,61327.77,134508.83,14158.82,417210.99,23133.39,3505.96,50893.29,2064.83,78533.83,11799.02,564452.82,111039.9,485799.55,2018-01-04 12:44:08.121
RevZilla,2017,28,4647833.81,175624.52,3481486.58,1672848.61,692373.45,82363.93,408918.55,61594.72,135094.33,14220.46,419027.05,23234.09,3521.22,51114.82,2073.82,78875.68,11850.38,566909.81,111523.24,487914.18,2018-01-04 12:44:08.121
RevZilla,2017,29,5227220.48,197517.41,3915479.49,1881381.5,778682.9,92631.2,459893.26,69272.95,151934.83,15993.14,471261.86,26130.39,3960.17,57486.66,2332.33,88708.11,13327.62,637579.28,125425.43,548736.27,2018-01-04 12:44:08.121
RevZilla,2017,30,5107740.49,193002.7,3825982.32,1838378.25,760884.33,90513.9,449381.35,67689.56,148462.01,15627.58,460490.1,25533.12,3869.65,56172.67,2279.02,86680.48,13022.98,623005.96,122558.55,536193.66,2018-01-04 12:44:08.121
RevZilla,2017,31,4716550.44,184965.86,3551764.91,1674084.47,697928.17,87041.39,424415.78,64446.46,144479.11,15049.91,457425.87,23578.69,3691.74,47157.31,2194.78,82695.52,12541.59,561171.98,108461.81,495151.74,2018-01-04 12:44:08.121
RevZilla,2017,32,4700721.78,184345.12,3539845.25,1668466.27,695585.94,86749.28,422991.45,64230.18,143994.24,14999.4,455890.75,23499.56,3679.35,46999.05,2187.41,82418,12499.5,559288.69,108097.81,493490.02,2018-01-04 12:44:08.121
RevZilla,2017,33,4843360.81,189938.9,3647258.56,1719094.33,716692.85,89381.6,435826.73,66179.18,148363.61,15454.54,469724.33,24212.63,3791,48425.19,2253.79,84918.89,12878.79,576259.79,111377.94,508464.52,2018-01-04 12:44:08.121
RevZilla,2017,34,4543005.75,178160.08,3421078.31,1612486.81,672248.02,83838.71,408799.47,62075.16,139163.02,14496.15,440594.96,22711.12,3555.91,45422.16,2114.02,79652.75,12080.12,540523.75,104470.98,476932.72,2018-01-04 12:44:08.121
RevZilla,2017,35,4549565.97,175642.81,3398900.39,1614570.28,677664.71,82629.64,404779.59,61452.36,144689.59,15230.48,407479.19,22740.33,3638.26,45480.85,2538.41,81495.85,10153.66,568510.66,104605.96,477548.96,2018-01-04 12:44:08.121
RevZilla,2017,36,4649914.89,179516.93,3473869.3,1650182.55,692611.83,84452.18,413707.74,62807.8,147880.98,15566.42,416466.88,23241.91,3718.51,46484.02,2594.4,83293.39,10377.61,581050.19,106913.24,488082.16,2018-01-04 12:44:08.121
RevZilla,2017,37,4603896.63,177740.32,3439489.87,1633851.38,685757.34,83616.39,409613.45,62186.22,146417.47,15412.36,412345.29,23011.89,3681.71,46023.98,2568.73,82469.07,10274.91,575299.78,105855.16,483251.82,2018-01-04 12:44:08.121
RevZilla,2017,38,4414572.26,170431.17,3298048.98,1566663.11,657557.19,80177.87,392769.06,59628.96,140396.39,14778.57,395388.56,22065.58,3530.3,44131.36,2463.09,79077.73,9852.38,551641.94,101502.12,463379.23,2018-01-04 12:44:08.121
RevZilla,2017,39,4185636.67,161592.77,3127015.24,1485417.42,623456.89,76019.92,372400.42,56536.66,133115.57,14012.17,374884.08,20921.28,3347.23,41842.74,2335.36,74976.83,9341.44,523034.3,96238.31,439348.81,2018-01-04 12:44:08.121
RevZilla,2017,40,4111832.71,166178.86,3073297.53,1477757.57,591103.03,74044.86,377649.16,62617.03,122469.59,12891.54,369439.45,20524.36,3089.33,45153.7,3222.88,69200.67,10313.23,513110.27,94412.29,431012.63,2018-01-04 12:44:08.121
RevZilla,2017,41,4053094.28,163804.96,3029394.8,1456647.48,582658.99,72987.11,372254.35,61722.53,120720.09,12707.38,364161.93,20231.16,3045.2,44508.67,3176.84,68212.12,10165.9,505780.37,93063.59,424855.52,2018-01-04 12:44:08.121
RevZilla,2017,42,3909047.97,157983.36,2921730.61,1404878.47,561951.39,70393.16,359024.5,59528.92,116429.72,12255.76,351219.68,19512.15,2936.97,42926.84,3063.94,65787.87,9804.61,487805.02,89756.12,409756.22,2018-01-04 12:44:08.121
RevZilla,2017,43,3873823.76,156559.78,2895403.05,1392219.18,556887.67,69758.85,355789.35,58992.51,115380.57,12145.32,348054.85,19336.33,2910.51,42540.03,3036.33,65195.06,9716.26,483409.44,88947.34,406063.93,2018-01-04 12:44:08.121
RevZilla,2017,44,4052473.68,157262.69,3007984.29,1437185.01,578922.41,72267.99,368405.17,56376.27,119967.67,13329.74,372453.49,20242.01,2958.67,44532.49,1666.22,66276.02,10663.79,526293.1,93113.39,425082.89,2018-01-04 12:44:08.121
RevZilla,2017,45,4006043.4,155460.88,2973521.01,1420718.8,572289.55,71440,364184.25,55730.36,118593.17,13177.02,368186.19,20010.09,2924.77,44022.27,1647.13,65516.68,10541.61,520263.22,92046.57,420212.6,2018-01-04 12:44:08.121
RevZilla,2017,46,3483238.92,135172.63,2585464.77,1235309.39,497603.5,62116.8,316656.77,48457.32,103116.29,11457.37,320136.44,17398.7,2543.08,38277.19,1432.17,56966.5,9165.89,452366.82,80034.13,365373.2,2018-01-04 12:44:08.121
RevZilla,2017,47,3659114.74,141997.77,2716010.15,1297682.67,522728.51,65253.2,332645.42,50904.03,108322.84,12035.87,336300.78,18277.19,2671.48,40209.88,1504.48,59842.85,9628.7,475207.74,84075.21,383821.64,2018-01-04 12:44:08.121
RevZilla,2017,48,3791418.38,132749.23,2805276.96,1365426.58,515827.82,60844.17,341356.65,46812.4,116805.17,12978.35,348942.4,18964.18,2510.32,41721.37,1297.84,56232.81,8306.15,493070.71,87235.59,405835.12,2018-01-04 12:44:08.121
RevZilla,2017,49,3746138.61,131163.84,2771774.39,1349119.7,509667.44,60117.53,337279.93,46253.33,115410.2,12823.36,344775.09,18737.69,2480.34,41223.1,1282.34,55561.24,8206.95,487182.11,86193.76,400988.35,2018-01-04 12:44:08.121
RevZilla,2017,50,3499794.52,122538.58,2589503.97,1260402.3,476151.98,56164.23,315100.58,43211.73,107820.88,11980.1,322102.86,17505.51,2317.24,38512.29,1198.01,51907.56,7667.26,455145.28,80525.7,374619.57,2018-01-04 12:44:08.121
RevZilla,2017,51,3721446.24,130299.29,2753504.46,1340227.08,506308.01,59721.27,335056.77,45948.45,114649.48,12738.83,342502.53,18614.18,2464,40951.38,1273.88,55195.01,8152.85,483970.89,85625.62,398345.27,2018-01-04 12:44:08.121
RevZilla,2017,52,3499580.11,122531.07,2589345.33,1260325.09,476122.81,56160.79,315081.27,43209.09,107814.28,11979.36,322083.13,17504.44,2317.1,38509.93,1197.94,51904.38,7666.79,455117.39,80520.77,374596.62,2018-01-04 12:44:08.121
Cycle Gear,2017,1,172698.14,21664.4,142475.95,50082.46,31085.67,9438.33,22450.76,8627.22,8634.91,2974.26,17269.81,10361.89,624.59,NULL,NULL,2590.47,NULL,23314.25,6907.93,NULL,2018-01-04 12:44:08.121
Cycle Gear,2017,2,189145.58,23727.68,156045.09,54852.22,34046.2,10337.21,24588.93,9448.86,9457.28,3257.52,18914.56,11348.73,684.08,NULL,NULL,2837.19,NULL,25534.65,7565.82,NULL,2018-01-04 12:44:08.121
Cycle Gear,2017,3,196621.69,24665.53,162212.88,57020.29,35391.9,10745.8,25560.82,9822.33,9831.08,3386.28,19662.17,11797.3,711.12,NULL,NULL,2949.33,NULL,26543.93,7864.87,NULL,2018-01-04 12:44:08.121
Cycle Gear,2017,4,189145.58,23727.68,156045.09,54852.22,34046.2,10337.21,24588.93,9448.86,9457.28,3257.52,18914.56,11348.73,684.08,NULL,NULL,2837.19,NULL,25534.65,7565.82,NULL,2018-01-04 12:44:08.121
Cycle Gear,2017,5,186811.22,25617.87,154119.33,54175.25,33626.02,11028.22,24285.46,10080.48,9340.56,3475.28,18681.12,11208.67,1033.89,NULL,NULL,2802.17,NULL,25219.51,7472.45,NULL,2018-01-04 12:44:08.121
Cycle Gear,2017,6,180337.56,24730.12,148778.57,52297.89,32460.76,10646.05,23443.88,9731.16,9016.88,3354.85,18033.76,10820.25,998.07,NULL,NULL,2705.06,NULL,24345.57,7213.5,NULL,2018-01-04 12:44:08.121
Cycle Gear,2017,7,205307.38,28154.3,169378.67,59539.14,36955.33,12120.12,26689.96,11078.55,10265.37,3819.37,20530.74,12318.44,1136.26,NULL,NULL,3079.61,NULL,27716.5,8212.3,NULL,2018-01-04 12:44:08.121
Cycle Gear,2017,8,352351.85,48318.86,290690.43,102182.04,63423.33,20800.75,45805.74,19013.18,17617.59,6554.86,35235.18,21141.11,1950.07,NULL,NULL,5285.28,NULL,47567.5,14094.07,NULL,2018-01-04 12:44:08.121
Cycle Gear,2017,9,389079.34,53864.8,320990.51,112833.01,70034.28,23188.22,50580.31,21195.48,19453.97,7307.21,38907.93,23344.76,2173.9,NULL,NULL,5836.19,NULL,52525.71,15563.17,NULL,2018-01-04 12:44:08.121
Cycle Gear,2017,10,433840.68,60061.64,357918.62,125813.8,78091.32,25855.89,56399.29,23633.9,21692.03,8147.86,43384.07,26030.44,2423.99,NULL,NULL,6507.61,NULL,58568.49,17353.63,NULL,2018-01-04 12:44:08.121
Cycle Gear,2017,11,442448.63,61253.34,365020.18,128310.1,79640.75,26368.9,57518.32,24102.82,22122.43,8309.53,44244.86,26546.92,2472.09,NULL,NULL,6636.73,NULL,59730.57,17697.95,NULL,2018-01-04 12:44:08.121
Cycle Gear,2017,12,244465.78,33844.26,201684.3,70895.08,44003.84,14569.59,31780.55,13317.51,12223.29,4591.26,24446.58,14667.95,1365.9,NULL,NULL,3666.99,NULL,33002.88,9778.63,NULL,2018-01-04 12:44:08.121
Cycle Gear,2017,13,210033.98,29077.46,173278.06,60909.85,37806.12,12517.53,27304.42,11441.81,10501.7,3944.6,21003.4,12602.04,1173.52,NULL,NULL,3150.51,NULL,28354.59,8401.36,NULL,2018-01-04 12:44:08.121
Cycle Gear,2017,14,181438.14,21258.52,149686.54,52617.06,32658.86,9226.03,23586.96,8433.17,9071.91,2907.36,18143.81,10886.29,691.95,NULL,NULL,2721.57,NULL,24494.15,7257.53,NULL,2018-01-04 12:44:08.121
Cycle Gear,2017,15,182931.46,21433.49,150918.53,53050.12,32927.66,9301.97,23781.09,8502.58,9146.57,2931.29,18293.15,10975.89,697.65,NULL,NULL,2743.97,NULL,24695.75,7317.26,NULL,2018-01-04 12:44:08.121
Cycle Gear,2017,16,184424.77,21608.46,152150.52,53483.18,33196.46,9377.9,23975.22,8571.99,9221.24,2955.22,18442.48,11065.49,703.34,NULL,NULL,2766.37,NULL,24897.35,7376.99,NULL,2018-01-04 12:44:08.121
Cycle Gear,2017,17,198611.29,23270.65,163854.4,57597.28,35750.03,10099.28,25819.47,9231.37,9930.56,3182.55,19861.13,11916.68,757.45,NULL,NULL,2979.17,NULL,26812.53,7944.45,NULL,2018-01-04 12:44:08.121
Cycle Gear,2017,18,235926.43,26430.75,194639.33,68418.67,42466.76,11470.74,30670.44,10484.97,11796.32,3614.73,23592.64,14155.59,860.31,NULL,NULL,3538.9,NULL,31850.07,9437.06,NULL,2018-01-04 12:44:08.121
Cycle Gear,2017,19,261048.23,29245.14,215364.81,75703.99,46988.68,12692.16,33936.27,11601.43,13052.41,3999.63,26104.82,15662.89,951.91,NULL,NULL,3915.72,NULL,35241.51,10441.93,NULL,2018-01-04 12:44:08.121
Cycle Gear,2017,20,286170.02,32059.52,236090.3,82989.31,51510.6,13913.58,37202.1,12717.89,14308.5,4384.53,28617,17170.2,1043.52,NULL,NULL,4292.55,NULL,38632.95,11446.8,NULL,2018-01-04 12:44:08.121
Cycle Gear,2017,21,310199.57,34751.54,255914.67,89957.87,55835.92,15081.9,40325.94,13785.8,15509.98,4752.7,31019.96,18611.97,1131.14,NULL,NULL,4652.99,NULL,41876.94,12407.98,NULL,2018-01-04 12:44:08.121
Cycle Gear,2017,22,344884.92,34508.38,284530.15,100016.63,62079.29,14976.37,44835.04,13689.34,17244.25,4719.44,34488.49,20693.1,1123.23,NULL,NULL,5173.27,NULL,46559.46,13795.4,NULL,2018-01-04 12:44:08.121
Cycle Gear,2017,23,363427.12,36363.67,299827.47,105393.86,65416.88,15781.55,47245.53,14425.33,18171.36,4973.18,36342.71,21805.63,1183.62,NULL,NULL,5451.41,NULL,49062.66,14537.08,NULL,2018-01-04 12:44:08.121
Cycle Gear,2017,24,372698.22,37291.32,307476.13,108082.48,67085.68,16184.14,48450.77,14793.32,18634.91,5100.05,37269.82,22361.89,1213.81,NULL,NULL,5590.47,NULL,50314.26,14907.93,NULL,2018-01-04 12:44:08.121
Cycle Gear,2017,25,380115.1,38033.43,313595.06,110233.38,68420.72,16506.21,49414.96,15087.71,19005.76,5201.54,38011.51,22806.91,1237.97,NULL,NULL,5701.73,NULL,51315.54,15204.6,NULL,2018-01-04 12:44:08.121
Cycle Gear,2017,26,393094.64,39332.14,324303.18,113997.45,70757.04,17069.84,51102.3,15602.9,19654.73,5379.15,39309.46,23585.68,1280.24,NULL,NULL,5896.42,NULL,53067.78,15723.79,NULL,2018-01-04 12:44:08.121
Cycle Gear,2017,27,401305.34,42238.21,331077.01,116378.55,72234.96,18183.09,52169.69,16620.48,20065.27,5729.97,40130.53,24078.32,1704.66,NULL,NULL,6019.58,NULL,54176.22,16052.21,NULL,2018-01-04 12:44:08.121
Cycle Gear,2017,28,416107.58,43796.17,343288.87,120671.2,74899.36,18853.78,54093.99,17233.53,20805.38,5941.32,41610.76,24966.45,1767.54,NULL,NULL,6241.61,NULL,56174.52,16644.3,NULL,2018-01-04 12:44:08.121
Cycle Gear,2017,29,412818.19,43449.96,340575.12,119717.28,74307.27,18704.74,53666.37,17097.3,20640.91,5894.35,41281.82,24769.09,1753.57,NULL,NULL,6192.27,NULL,55730.46,16512.73,NULL,2018-01-04 12:44:08.121
Cycle Gear,2017,30,414462.89,43623.07,341932,120194.24,74603.32,18779.26,53880.18,17165.42,20723.14,5917.83,41446.29,24867.77,1760.56,NULL,NULL,6216.94,NULL,55952.49,16578.52,NULL,2018-01-04 12:44:08.121
Cycle Gear,2017,31,401496.33,44720.5,331234.43,116433.93,72269.34,19251.69,52194.52,17597.25,20074.82,6066.71,40149.63,24089.78,1804.85,NULL,NULL,6022.44,NULL,54202,16059.85,NULL,2018-01-04 12:44:08.121
Cycle Gear,2017,32,399909.38,44543.74,329925.2,115973.72,71983.69,19175.6,51988.22,17527.7,19995.47,6042.73,39990.94,23994.56,1797.71,NULL,NULL,5998.64,NULL,53987.77,15996.38,NULL,2018-01-04 12:44:08.121
Cycle Gear,2017,33,393561.62,43836.7,324688.3,114132.87,70841.09,18871.23,51163.01,17249.48,19678.08,5946.81,39356.16,23613.7,1769.18,NULL,NULL,5903.42,NULL,53130.82,15742.46,NULL,2018-01-04 12:44:08.121
Cycle Gear,2017,34,390387.73,43483.18,322069.84,113212.44,70269.79,18719.04,50750.41,17110.37,19519.39,5898.86,39038.77,23423.26,1754.91,NULL,NULL,5855.82,NULL,52702.34,15615.51,NULL,2018-01-04 12:44:08.121
Cycle Gear,2017,35,384853.55,42917.65,317504.17,111607.53,69273.64,18475.58,50030.96,16887.84,19242.68,5822.14,38485.35,23091.21,1732.09,NULL,NULL,5772.8,NULL,51955.23,15394.14,NULL,2018-01-04 12:44:08.121
Cycle Gear,2017,36,388626.62,43338.41,320616.96,112701.72,69952.79,18656.72,50521.46,17053.41,19431.33,5879.22,38862.66,23317.6,1749.07,NULL,NULL,5829.4,NULL,52464.6,15545.06,NULL,2018-01-04 12:44:08.121
Cycle Gear,2017,37,384853.55,42917.65,317504.17,111607.53,69273.64,18475.58,50030.96,16887.84,19242.68,5822.14,38485.35,23091.21,1732.09,NULL,NULL,5772.8,NULL,51955.23,15394.14,NULL,2018-01-04 12:44:08.121
Cycle Gear,2017,38,373534.33,41655.36,308165.81,108324.95,67236.18,17932.18,48559.46,16391.14,18676.72,5650.9,37353.43,22412.06,1681.14,NULL,NULL,5603.02,NULL,50427.14,14941.37,NULL,2018-01-04 12:44:08.121
Cycle Gear,2017,39,354668.96,39551.56,292601.88,102854,63840.41,17026.52,46106.96,15563.3,17733.45,5365.5,35466.9,21280.14,1596.24,NULL,NULL,5320.04,NULL,47880.31,14186.76,NULL,2018-01-04 12:44:08.121
Cycle Gear,2017,40,343823.62,45006.72,283654.4,99708.85,61888.25,19532.57,44697.07,17853.99,17191.18,6155.22,34382.36,20629.42,1464.94,NULL,NULL,5157.36,NULL,46416.19,13752.94,NULL,2018-01-04 12:44:08.121
Cycle Gear,2017,41,335765.25,43951.88,277006.25,97371.92,60437.75,19074.78,43649.48,17435.54,16788.26,6010.96,33576.53,20145.92,1430.61,NULL,NULL,5036.48,NULL,45328.31,13430.61,NULL,2018-01-04 12:44:08.121
Cycle Gear,2017,42,331736.07,43424.45,273682.18,96203.46,59712.49,18845.88,43125.69,17226.31,16586.8,5938.83,33173.61,19904.16,1413.44,NULL,NULL,4976.04,NULL,44784.37,13269.44,NULL,2018-01-04 12:44:08.121
Cycle Gear,2017,43,331736.07,43424.45,273682.18,96203.46,59712.49,18845.88,43125.69,17226.31,16586.8,5938.83,33173.61,19904.16,1413.44,NULL,NULL,4976.04,NULL,44784.37,13269.44,NULL,2018-01-04 12:44:08.121
Cycle Gear,2017,44,330893.36,44367.36,272986.94,95959.07,59560.8,19329.11,43016.14,17668.01,16544.67,6091.11,33089.34,19853.6,1279.13,NULL,NULL,4963.4,NULL,44670.6,13235.73,NULL,2018-01-04 12:44:08.121
Cycle Gear,2017,45,328298.11,44019.38,270845.86,95206.45,59093.66,19177.51,42678.75,17529.44,16414.91,6043.33,32829.81,19697.89,1269.1,NULL,NULL,4924.47,NULL,44320.25,13131.92,NULL,2018-01-04 12:44:08.121
Cycle Gear,2017,46,323107.63,43323.43,266563.71,93701.21,58159.37,18874.31,42003.99,17252.3,16155.38,5947.79,32310.76,19386.46,1249.04,NULL,NULL,4846.62,NULL,43619.53,12924.31,NULL,2018-01-04 12:44:08.121
Cycle Gear,2017,47,315321.9,42279.49,260140.49,91443.35,56757.94,18419.5,40991.85,16836.58,15766.1,5804.47,31532.19,18919.31,1218.94,NULL,NULL,4729.83,NULL,42568.46,12612.88,NULL,2018-01-04 12:44:08.121
Cycle Gear,2017,48,314538.01,39697.11,259493.92,91216.02,56616.84,17294.47,40889.94,15808.22,15726.9,5449.94,31453.8,18872.28,1144.49,NULL,NULL,4718.07,NULL,42462.63,12581.52,NULL,2018-01-04 12:44:08.121
Cycle Gear,2017,49,312996.16,39502.52,258221.89,90768.89,56339.31,17209.69,40689.5,15730.73,15649.81,5423.22,31299.62,18779.77,1138.88,NULL,NULL,4694.94,NULL,42254.48,12519.85,NULL,2018-01-04 12:44:08.121
Cycle Gear,2017,50,309912.45,39113.33,255677.83,89874.61,55784.24,17040.13,40288.62,15575.75,15495.62,5369.79,30991.25,18594.75,1127.66,NULL,NULL,4648.69,NULL,41838.18,12396.5,NULL,2018-01-04 12:44:08.121
Cycle Gear,2017,51,306828.75,38724.14,253133.77,88980.34,55229.17,16870.58,39887.74,15420.77,15341.44,5316.36,30682.87,18409.72,1116.44,NULL,NULL,4602.43,NULL,41421.88,12273.15,NULL,2018-01-04 12:44:08.121
Cycle Gear,2017,52,299119.48,37751.17,246773.63,86744.65,53841.51,16446.7,38885.53,15033.31,14955.97,5182.78,29911.95,17947.17,1088.38,NULL,NULL,4486.79,NULL,40381.13,11964.78,NULL,2018-01-04 12:44:08.121
RevZilla,2018,1,3186308.26,141524.85,2602677.17,1120103.24,469525.94,61686,353807.83,50958,127452.39,13416.17,413675.97,15616.21,2054.68,33299.98,1877.4,69195.6,11532.6,382025.69,33298.64,339232.77,2018-01-04 12:44:08.121
RevZilla,2018,2,3090077.47,137250.61,2524072.82,1086274.62,455345.63,59823,343122.36,49419,123603.16,13010.98,401182.4,15144.58,1992.63,32294.28,1820.7,67105.8,11184.3,370488,32292.98,328987.49,2018-01-04 12:44:08.121
RevZilla,2018,3,2847718.46,126485.85,2326106.33,1001076.61,419632.24,55131,316210.8,45543,113908.8,11990.51,369717.12,13956.77,1836.34,29761.39,1677.9,61842.6,10307.1,341430.12,29760.19,303184.55,2018-01-04 12:44:08.121
RevZilla,2018,4,2756239.81,122422.69,2251383.68,968918.54,406152.19,53360,306053.01,44080,110249.65,11605.34,357840.51,13508.43,1777.35,28805.35,1624,59856,9976,330462.19,28804.19,293445.2,2018-01-04 12:44:08.121
RevZilla,2018,5,2580645.12,128086.19,2046533.9,805223.46,410446.91,55051.5,257923.02,44940,103225.83,12144.14,350046.65,11019.29,1794.45,28318.49,1797.6,80330.25,12358.5,330659.98,22963.89,269966.04,2018-01-04 12:44:08.121
RevZilla,2018,6,2641514.81,131107.36,2094805.5,824216.27,420128.12,56350,264006.65,46000,105660.62,12430.58,358303.2,11279.2,1836.78,28986.44,1840,82225,12650,338459.26,23505.54,276333.73,2018-01-04 12:44:08.121
RevZilla,2018,7,2631178.45,130594.33,2086608.44,820991.08,418484.14,56129.5,262973.58,45820,105247.17,12381.94,356901.14,11235.06,1829.59,28873.01,1832.8,81903.25,12600.5,337134.85,23413.56,275252.42,2018-01-04 12:44:08.121
RevZilla,2018,8,3631508.62,180244.12,2879902.17,1133118.19,577584.83,77469,362951.75,63240,145260.38,17089.35,492589.01,15506.45,2525.17,39850.05,2529.6,113041.5,17391,465307.9,32315.01,379898.81,2018-01-04 12:44:08.121
RevZilla,2018,9,3737167.23,167563.57,2771998.44,1110062.39,616976.76,73763.87,384555.28,59162.24,149486.8,17586.64,382340.57,19568.79,2227.82,28453.36,2430,80554.5,12393,566302.02,24508.01,381612.79,2018-01-04 12:44:08.121
RevZilla,2018,10,3255795.48,145980.28,2414946.79,967079.05,537506.09,64262.59,335022.02,51541.75,130231.91,15321.36,333092.59,17048.2,1940.87,24788.38,2117,70178.55,10796.7,493358.59,21351.22,332458.55,2018-01-04 12:44:08.121
RevZilla,2018,11,3566457.12,159909.43,2645376.29,1059355.84,588793.87,70394.4,366989.17,56459.77,142658.39,16783.3,364875.63,18674.91,2126.06,27153.63,2319,76874.85,11826.9,540433.91,23388.51,364181.09,2018-01-04 12:44:08.121
RevZilla,2018,12,2472989.67,110881.57,1834310.08,734559.81,408271.04,48811.64,254471.15,39149.33,98919.66,11637.58,253005.61,12949.22,1474.21,18828.39,1608,53305.2,8200.8,374738.13,16217.64,252524.02,2018-01-04 12:44:08.121
RevZilla,2018,13,2348417.43,105296.12,1741910.13,697557.73,387705.15,46352.85,241652.64,37177.26,93936.76,11051.36,240260.93,12296.93,1399.95,17879.95,1527,50620.05,7787.7,355861.39,15400.71,239803.59,2018-01-04 12:44:08.121
RevZilla,2018,14,2134425.09,97655.2,1868610.03,707656.87,328584.87,41275,288796,36099.5,85376.95,8987.15,370113.73,10681.49,1750.01,22459.71,1164.5,54940.41,8379.04,261859.02,15619.67,227838.85,2018-01-04 12:44:08.121
RevZilla,2018,15,2190328.88,100212.94,1917551.73,726191.46,337191,42356.06,296360,37045,87613.1,9222.53,379807.57,10961.26,1795.85,23047.97,1195,56379.38,8598.5,268717.5,16028.77,233806.29,2018-01-04 12:44:08.121
RevZilla,2018,16,2379118.74,108850.54,2082830.25,788783.7,366254.32,46006.83,321904,40238,95164.69,10017.44,412544.12,11906.03,1950.63,25034.53,1298,61238.86,9339.63,291878.92,17410.33,253958.63,2018-01-04 12:44:08.121
RevZilla,2018,17,2460683.29,112582.32,2154236.99,815825.97,378810.81,47584.11,332940,41617.5,98427.27,10360.88,426687.58,12314.22,2017.51,25892.8,1342.5,63338.34,9659.82,301885.56,18007.22,262665.23,2018-01-04 12:44:08.121
RevZilla,2018,18,2967692.3,119941.17,2458285.22,1030445.17,507744.2,53390.8,353136,44142,118707.72,12495.55,337380.25,16436.17,2536.9,31972.05,1051,62463.66,6324.92,350949.5,16559.98,274804.97,2018-01-04 12:44:08.121
RevZilla,2018,19,3245825.22,131182.09,2688676.36,1127018.77,555330.12,58394.6,386232,48279,129833.04,13666.64,368999.62,17976.57,2774.66,34968.48,1149.5,68317.77,6917.69,383840.58,18111.98,300559.77,2018-01-04 12:44:08.121
RevZilla,2018,20,3676437.09,148585.54,3045373.31,1276536.27,629003.75,66141.6,437472,54684,147057.51,15479.74,417953.46,20361.46,3142.77,39607.62,1302,77381.25,7835.44,434763.32,20514.83,340433.94,2018-01-04 12:44:08.121
RevZilla,2018,21,4228467.39,170896.2,3502647.11,1468212.79,723450.94,76073,503160,62895,169138.73,17804.08,480710.68,23418.8,3614.67,45554.85,1497.5,89000.32,9011.96,500044.6,23595.21,391551.33,2018-01-04 12:44:08.121
RevZilla,2018,22,4462888.72,187438.23,3488158.22,1494483.37,788113.26,87078,560328,70041,178515.58,17851.56,306873.28,22008.21,3661.44,50615.22,1893,87221.3,6913.24,471872.09,97568.63,433781.33,2018-01-04 12:44:08.121
RevZilla,2018,23,4665640.13,195953.65,3646627.11,1562378.55,823917.66,91034,585784,73223,186625.64,18662.56,320814.7,23008.05,3827.78,52914.7,1979,91183.81,7227.31,493309.49,102001.22,453488.25,2018-01-04 12:44:08.121
RevZilla,2018,24,4590197.75,192785.13,3587661.94,1537115.22,810595.09,89562,576312,72039,183607.94,18360.79,315627.2,22636.02,3765.89,52059.08,1947,89709.39,7110.44,485332.78,100351.88,446155.44,2018-01-04 12:44:08.121
RevZilla,2018,25,4823597.63,202587.76,3770085.43,1615273.62,851811.79,94116,605616,75702,192943.94,19294.39,331676.04,23787,3957.37,54706.15,2046,94270.88,7471.99,510010.72,105454.52,468841.31,2018-01-04 12:44:08.121
RevZilla,2018,26,5035779.35,211499.24,3935924.96,1686326.72,889281.52,98256,632256,79032,201431.21,20143.12,346265.89,24833.35,4131.45,57112.58,2136,98417.7,7800.67,532445.21,110093.28,489464.83,2018-01-04 12:44:08.121
RevZilla,2018,27,5454375.68,225783.77,4284432.42,1824341.88,995014.51,106917.89,643587.33,74359.79,218174.93,20441.67,400321.32,25404.53,4438.41,65055.58,2934,112532.35,16692.02,578262.79,13300.8,535285.32,2018-01-04 12:44:08.121
RevZilla,2018,28,5581532.91,231047.44,4384314.9,1866872.55,1018211.17,109410.46,658591.2,76093.33,223261.22,20918.22,409653.96,25996.78,4541.88,66572.22,3002.4,115155.8,17081.15,591743.77,13610.88,547764.36,2018-01-04 12:44:08.121
RevZilla,2018,29,5617226.16,232524.96,4412352.08,1878810.99,1024722.51,110110.13,662802.82,76579.93,224688.95,21051.99,412273.65,26163.03,4570.93,66997.94,3021.6,115892.21,17190.39,595527.9,13697.92,551267.25,2018-01-04 12:44:08.121
RevZilla,2018,30,5657381.08,234187.17,4443893.92,1892241.73,1032047.77,110897.25,667540.88,77127.37,226295.14,21202.48,415220.8,26350.05,4603.6,67476.87,3043.2,116720.67,17313.27,599785.05,13795.84,555208,2018-01-04 12:44:08.121
RevZilla,2018,31,5460983.22,240371.99,4298656.09,1780714.37,1047181.35,110190.06,621276.5,88753.68,218439.22,17833.99,424664.77,25943.22,4500.93,61808.16,3081.6,118628.5,16011.74,590304.36,13193.87,540329.28,2018-01-04 12:44:08.121
RevZilla,2018,32,5380174.28,236815.08,4235046.7,1754364.24,1031685.68,108559.52,612083.15,87440.34,215206.86,17570.09,418380.79,25559.33,4434.33,60893.56,3036,116873.1,15774.8,581569.33,12998.63,532333.76,2018-01-04 12:44:08.121
RevZilla,2018,33,5416325.65,238406.33,4263503.53,1766152.46,1038617.95,109288.97,616195.96,88027.89,216652.91,17688.15,421192.04,25731.07,4464.13,61302.72,3056.4,117658.41,15880.8,585477.11,13085.98,535910.7,2018-01-04 12:44:08.121
RevZilla,2018,34,5005901.29,220340.99,3940434.75,1632321.51,959916.24,101007.55,569503.46,81357.54,200235.95,16347.82,389276.04,23781.29,4125.86,56657.48,2824.8,108742.79,14677.43,541112.33,12094.38,495301.84,2018-01-04 12:44:08.121
RevZilla,2018,35,5108289,242773.34,3993861.64,1656668.69,995065.6,110251.73,627974.34,90206.04,204331.5,22456.28,338051.52,23463.83,3848.23,49616.54,3036,98689.63,12975.05,534929.64,20431.47,500383.4,2018-01-04 12:44:08.121
RevZilla,2018,36,5254672.77,249730.28,4108310.25,1704142.4,1023580.32,113411.12,645969.65,92790.99,210186.85,23099.79,347738.76,24136.21,3958.51,51038.36,3123,101517.7,13346.87,550258.65,21016.96,514722.45,2018-01-04 12:44:08.121
RevZilla,2018,37,5254672.77,249730.28,4108310.25,1704142.4,1023580.32,113411.12,645969.65,92790.99,210186.85,23099.79,347738.76,24136.21,3958.51,51038.36,3123,101517.7,13346.87,550258.65,21016.96,514722.45,2018-01-04 12:44:08.121
RevZilla,2018,38,4931618.92,234377.02,3855734.02,1599372.84,960651.27,106438.68,606255.86,87086.26,197264.7,21679.63,326360.01,22652.33,3715.14,47900.55,2931,95276.45,12526.31,516429.11,19724.85,483077.65,2018-01-04 12:44:08.121
RevZilla,2018,39,4686804.68,222742.14,3664328.59,1519977.16,912962.85,101154.88,576160.25,82763.15,187472.14,20603.42,310158.93,21527.83,3530.71,45522.68,2785.5,90546.76,11904.48,490792.66,18745.67,459096.83,2018-01-04 12:44:08.121
RevZilla,2018,40,4594575,211656.37,3684892.56,1491235.39,804114.39,96217.86,614645.64,76830.71,183783.03,19577.18,430838.86,23180.87,3806.48,51111.67,3064.8,85982.71,12159.34,498985.2,13211.33,434103.64,2018-01-04 12:44:08.121
RevZilla,2018,41,4483038.72,206518.27,3595439.41,1455034.69,784593.99,93882.11,599724.72,74965.59,179321.58,19101.93,420379.97,22618.14,3714.08,49870.9,2990.4,83895.42,11864.16,486872.01,12890.62,423565.49,2018-01-04 12:44:08.121
RevZilla,2018,42,4492033.58,206932.63,3602653.37,1457954.1,786168.21,94070.48,600928.02,75116,179681.37,19140.25,421223.42,22663.52,3721.53,49970.96,2996.4,84063.75,11887.97,487848.88,12916.48,424415.34,2018-01-04 12:44:08.121
RevZilla,2018,43,4420074.7,203617.73,3544941.66,1434598.81,773574.41,92563.54,591301.62,73912.7,176803.02,18833.64,414475.75,22300.47,3661.91,49170.47,2948.4,82717.12,11697.53,480033.92,12709.57,417616.54,2018-01-04 12:44:08.121
RevZilla,2018,44,4458187.11,200843.2,3595879.13,1369652.08,835137.49,89681.83,605102.11,73376.23,178327.54,18581.16,439577.05,23209.42,4796.48,50274.14,2580,94599.31,11827.49,494206.48,9236.92,410182.33,2018-01-04 12:44:08.121
RevZilla,2018,45,4375244.09,197106.58,3528979.05,1344170.18,819600.04,88013.33,593844.39,72011.09,175009.81,18235.46,431398.87,22777.62,4707.24,49338.81,2532,92839.32,11607.45,485011.94,9065.07,402551.03,2018-01-04 12:44:08.121
RevZilla,2018,46,4223181.9,190256.11,3406328.91,1297453.37,791114.73,84954.42,573205.25,69508.34,168927.32,17601.69,416405.54,21985.98,4543.64,47624.03,2444,89612.68,11204.03,468155.29,8750.01,388560.32,2018-01-04 12:44:08.121
RevZilla,2018,47,4221453.92,190178.27,3404935.16,1296922.49,790791.04,84919.66,572970.72,69479.9,168858.21,17594.49,416235.16,21976.98,4541.78,47604.54,2443,89576.02,11199.44,467963.73,8746.43,388401.33,2018-01-04 12:44:08.121
RevZilla,2018,48,4160671.02,153455.23,3089452.83,1414628.05,607457.86,73615.11,416067,46229.58,166426.84,18491.87,348294.98,20803.28,2753.85,45767.3,2024,70007.53,10340.82,532565.81,54088.77,445191.75,2018-01-04 12:44:08.121
RevZilla,2018,49,4162726.69,153531.05,3090979.24,1415326.97,607757.99,73651.48,416272.57,46252.42,166509.07,18501.01,348467.06,20813.56,2755.22,45789.91,2025,70042.12,10345.93,532828.94,54115.49,445411.71,2018-01-04 12:44:08.121
RevZilla,2018,50,4185339.03,154365.04,3107769.74,1423015.17,611059.39,74051.56,418533.8,46503.67,167413.56,18601.51,350359.97,20926.62,2770.18,46038.64,2036,70422.59,10402.13,535723.31,54409.45,447831.23,2018-01-04 12:44:08.121
RevZilla,2018,51,4059943.31,149740.16,3014658.76,1380380.63,592751.62,71832.92,405994.23,45110.38,162397.73,18044.19,339862.94,20299.64,2687.19,44659.29,1975,68312.68,10090.47,519672.67,52779.31,434413.89,2018-01-04 12:44:08.121
RevZilla,2018,52,3987994.95,147086.53,2961234.43,1355918.19,582247.16,70559.93,398799.4,44310.96,159519.8,17724.42,333840.05,19939.9,2639.56,43867.86,1940,67102.08,9911.65,510463.28,51843.98,426715.42,2018-01-04 12:44:08.121
Cycle Gear,2018,1,265824.57,25348.99,225991.33,68867.29,67589.64,11264.94,32258.65,9216.79,10632.9,2658.34,25068.85,21574,2208.92,NULL,NULL,2268.03,NULL,36158.99,3898.27,NULL,2018-01-04 12:44:08.121
Cycle Gear,2018,2,288939.75,27553.25,245642.75,74855.75,73467,12244.5,35063.75,10018.25,11557.5,2889.5,27248.75,23450,2401,NULL,NULL,2465.25,NULL,39303.25,4237.25,NULL,2018-01-04 12:44:08.121
Cycle Gear,2018,3,312054.93,29757.51,265294.17,80844.21,79344.36,13224.06,37868.85,10819.71,12482.1,3120.66,29428.65,25326,2593.08,NULL,NULL,2662.47,NULL,42447.51,4576.23,NULL,2018-01-04 12:44:08.121
Cycle Gear,2018,4,288939.75,27553.25,245642.75,74855.75,73467,12244.5,35063.75,10018.25,11557.5,2889.5,27248.75,23450,2401,NULL,NULL,2465.25,NULL,39303.25,4237.25,NULL,2018-01-04 12:44:08.121
Cycle Gear,2018,5,294512.82,31556.91,262257.87,65217.81,76453.23,13900.53,43218.21,11373.18,14725.62,3272.43,32056.5,30586.5,3010.77,NULL,NULL,2231.67,NULL,44700.6,5958.75,NULL,2018-01-04 12:44:08.121
Cycle Gear,2018,6,308537.24,33059.62,274746.34,68323.42,80093.86,14562.46,45276.22,11914.76,15426.84,3428.26,33583,32043,3154.14,NULL,NULL,2337.94,NULL,46829.2,6242.5,NULL,2018-01-04 12:44:08.121
Cycle Gear,2018,7,322561.66,34562.33,287234.81,71429.03,83734.49,15224.39,47334.23,12456.34,16128.06,3584.09,35109.5,33499.5,3297.51,NULL,NULL,2444.21,NULL,48957.8,6526.25,NULL,2018-01-04 12:44:08.121
Cycle Gear,2018,8,476830.28,51092.14,424607.98,105590.74,123781.42,22505.62,69972.34,18413.72,23841.48,5298.22,51901,49521,4874.58,NULL,NULL,3613.18,NULL,72372.4,9647.5,NULL,2018-01-04 12:44:08.121
Cycle Gear,2018,9,588534.34,50647.28,475026.12,117984.52,133101.31,22183.47,81675.95,18150.16,29426.81,6539.37,52568.92,60268.62,3774.28,NULL,NULL,5328.75,NULL,93165.23,13341.43,NULL,2018-01-04 12:44:08.121
Cycle Gear,2018,10,513453.82,44186.1,414426.08,102933,116121.3,19353.48,71256.38,15834.7,25672.78,5705.13,45862.6,52580.03,3292.78,NULL,NULL,4648.95,NULL,81279.95,11639.44,NULL,2018-01-04 12:44:08.121
Cycle Gear,2018,11,561892.86,48354.6,453522.88,112643.66,127076.14,21179.28,77978.68,17328.54,28094.74,6243.35,50189.26,57540.41,3603.42,NULL,NULL,5087.53,NULL,88947.87,12737.5,NULL,2018-01-04 12:44:08.121
Cycle Gear,2018,12,389934.27,33556.43,314729.24,78170.81,88186.46,14697.69,54114.52,12025.41,19496.78,4332.67,34829.61,39931.06,2500.65,NULL,NULL,3530.57,NULL,61726.76,8839.38,NULL,2018-01-04 12:44:08.121
Cycle Gear,2018,13,370558.66,31889.03,299090.52,74286.55,83804.53,13967.37,51425.6,11427.88,18527.99,4117.38,33098.95,37946.91,2376.4,NULL,NULL,3355.14,NULL,58659.59,8400.16,NULL,2018-01-04 12:44:08.121
Cycle Gear,2018,14,228798.54,22493.59,215206.49,57401.18,64942.46,10308.39,37953.37,8434.13,11439.83,2542.26,24647.67,18821.97,1208.8,NULL,NULL,1485.84,NULL,29513.18,3053,NULL,2018-01-04 12:44:08.121
Cycle Gear,2018,15,234690.35,23072.82,220748.29,58879.32,66614.8,10573.84,38930.71,8651.32,11734.42,2607.73,25282.38,19306.66,1239.93,NULL,NULL,1524.1,NULL,30273.17,3131.62,NULL,2018-01-04 12:44:08.121
Cycle Gear,2018,16,255311.68,25100.14,240144.58,64052.82,72467.98,11502.92,42351.4,9411.48,12765.48,2836.86,27503.84,21003.06,1348.88,NULL,NULL,1658.02,NULL,32933.16,3406.78,NULL,2018-01-04 12:44:08.121
Cycle Gear,2018,17,263167.42,25872.45,247533.64,66023.68,74697.76,11856.86,43654.52,9701.06,13158.26,2924.15,28350.11,21649.31,1390.38,NULL,NULL,1709.04,NULL,33946.49,3511.6,NULL,2018-01-04 12:44:08.121
Cycle Gear,2018,18,273266.28,26632.83,251282.85,70571.13,73721.34,12286.89,45237.99,10052.91,13663.23,3036.39,25618.53,22470.63,1256.64,NULL,NULL,1210.23,NULL,32935.98,3959.97,NULL,2018-01-04 12:44:08.121
Cycle Gear,2018,19,299291.64,29169.29,275214.55,77292.19,80742.42,13457.07,49546.37,11010.33,14964.49,3325.57,28058.39,24610.69,1376.32,NULL,NULL,1325.49,NULL,36072.74,4337.11,NULL,2018-01-04 12:44:08.121
Cycle Gear,2018,20,338329.68,32973.98,311112.1,87373.78,91274.04,15212.34,56008.94,12446.46,16916.38,3759.34,31718.18,27820.78,1555.84,NULL,NULL,1498.38,NULL,40777.88,4902.82,NULL,2018-01-04 12:44:08.121
Cycle Gear,2018,21,389079.13,37920.08,357778.92,100479.85,104965.15,17494.19,64410.28,14313.43,19453.84,4323.24,36475.91,31993.9,1789.22,NULL,NULL,1723.14,NULL,46894.56,5638.24,NULL,2018-01-04 12:44:08.121
Cycle Gear,2018,22,427421.23,40685.65,395162.71,114891.78,109759.67,18293.31,74836.06,14967.29,21370.99,5342.84,38116.2,36188.02,2082.21,NULL,NULL,3364.01,NULL,49347.71,8981.47,NULL,2018-01-04 12:44:08.121
Cycle Gear,2018,23,447774.62,42623.06,413979.98,120362.81,114986.32,19164.42,78399.68,15680.02,22388.65,5597.26,39931.25,37911.26,2181.37,NULL,NULL,3524.2,NULL,51697.6,9409.16,NULL,2018-01-04 12:44:08.121
Cycle Gear,2018,24,440990.16,41977.26,407707.56,118539.14,113244.11,18874.05,77211.81,15442.44,22049.43,5512.46,39326.24,37336.85,2148.32,NULL,NULL,3470.81,NULL,50914.31,9266.6,NULL,2018-01-04 12:44:08.121
Cycle Gear,2018,25,463605.04,44129.94,428615.64,124618.07,119051.5,19841.95,81171.39,16234.36,23180.17,5795.15,41342.97,39251.56,2258.49,NULL,NULL,3648.8,NULL,53525.3,9741.81,NULL,2018-01-04 12:44:08.121
Cycle Gear,2018,26,483958.43,46067.35,447432.91,130089.1,124278.15,20713.06,84735.01,16947.09,24197.84,6049.57,43158.02,40974.79,2357.64,NULL,NULL,3808.99,NULL,55875.19,10169.49,NULL,2018-01-04 12:44:08.121
Cycle Gear,2018,27,499201.22,46532.36,449336.86,133414.51,127096.69,21182.7,77991.1,17331.3,24960.11,5546.8,43673.21,42201.25,2471.56,NULL,NULL,3740.42,NULL,55831.34,6426.6,NULL,2018-01-04 12:44:08.121
Cycle Gear,2018,28,509389,47482,458507,136137.25,129690.5,21615,79582.75,17685,25469.5,5660,44564.5,43062.5,2522,NULL,NULL,3816.75,NULL,56970.75,6557.75,NULL,2018-01-04 12:44:08.121
Cycle Gear,2018,29,513464.11,47861.86,462175.06,137226.35,130728.02,21787.92,80219.41,17826.48,25673.26,5705.28,44921.02,43407,2542.18,NULL,NULL,3847.28,NULL,57426.52,6610.21,NULL,2018-01-04 12:44:08.121
Cycle Gear,2018,30,517539.22,48241.71,465843.11,138315.45,131765.55,21960.84,80856.07,17967.96,25877.01,5750.56,45277.53,43751.5,2562.35,NULL,NULL,3877.82,NULL,57882.28,6662.67,NULL,2018-01-04 12:44:08.121
Cycle Gear,2018,31,529203.61,48588.16,479099.14,131312.87,130825.34,21804.14,80279.09,17839.91,26460.21,5880.16,55000.57,55221.08,3063.95,NULL,NULL,2609.06,NULL,63907.42,5148.74,NULL,2018-01-04 12:44:08.121
Cycle Gear,2018,32,520966.97,47831.93,471642.35,129269.09,128789.14,21464.77,79029.61,17562.25,26048.37,5788.64,54144.53,54361.6,3016.27,NULL,NULL,2568.46,NULL,62912.75,5068.6,NULL,2018-01-04 12:44:08.121
Cycle Gear,2018,33,525085.29,48210.05,475370.75,130290.98,129807.24,21634.46,79654.35,17701.08,26254.29,5834.4,54572.55,54791.34,3040.11,NULL,NULL,2588.76,NULL,63410.09,5108.67,NULL,2018-01-04 12:44:08.121
Cycle Gear,2018,34,483902.13,44428.87,438086.77,120072.08,119626.28,19937.64,73406.95,16312.76,24195.13,5376.8,50292.35,50493.98,2801.67,NULL,NULL,2385.72,NULL,58436.75,4707.99,NULL,2018-01-04 12:44:08.121
Cycle Gear,2018,35,475851.8,46425.26,449986.11,115654.9,126654,21109,77719.5,17271,23792.57,5287.15,54169.94,51995.2,2758.11,NULL,NULL,2912.44,NULL,50622.61,4538.94,NULL,2018-01-04 12:44:08.121
Cycle Gear,2018,36,489986.02,47804.22,463352.03,119090.19,130416,21736,80028,17784,24499.28,5444.19,55778.94,53539.62,2840.03,NULL,NULL,2998.94,NULL,52126.26,4673.76,NULL,2018-01-04 12:44:08.121
Cycle Gear,2018,37,489986.02,47804.22,463352.03,119090.19,130416,21736,80028,17784,24499.28,5444.19,55778.94,53539.62,2840.03,NULL,NULL,2998.94,NULL,52126.26,4673.76,NULL,2018-01-04 12:44:08.121
Cycle Gear,2018,38,459361.89,44816.46,434392.53,111647.06,122265,20377.5,75026.25,16672.5,22968.08,5103.93,52292.76,50193.39,2662.53,NULL,NULL,2811.51,NULL,48868.37,4381.65,NULL,2018-01-04 12:44:08.121
Cycle Gear,2018,39,438160.57,42748.01,414343.64,106494.11,116622,19437,71563.5,15903,21908.01,4868.36,49879.25,47876.77,2539.64,NULL,NULL,2681.75,NULL,46612.9,4179.42,NULL,2018-01-04 12:44:08.121
Cycle Gear,2018,40,456148.85,43600.92,434380.77,112966.02,117523.89,19587.32,80129.93,16025.99,22807.46,5068.38,55078.47,45875.01,2919.24,NULL,NULL,2875.89,NULL,49439.66,4442.61,NULL,2018-01-04 12:44:08.121
Cycle Gear,2018,41,445415.93,42575.02,424160.05,110308,114758.62,19126.44,78244.52,15648.9,22270.81,4949.12,53782.51,44795.6,2850.55,NULL,NULL,2808.22,NULL,48276.37,4338.08,NULL,2018-01-04 12:44:08.121
Cycle Gear,2018,42,447204.75,42746,425863.5,110751,115219.5,19203.25,78558.75,15711.75,22360.25,4969,53998.5,44975.5,2862,NULL,NULL,2819.5,NULL,48470.25,4355.5,NULL,2018-01-04 12:44:08.121
Cycle Gear,2018,43,440049.47,42062.06,419049.68,108978.98,113375.99,18896,77301.81,15460.36,22002.49,4889.5,53134.52,44255.89,2816.21,NULL,NULL,2774.39,NULL,47694.73,4285.81,NULL,2018-01-04 12:44:08.121
Cycle Gear,2018,44,447039.44,37025.32,412515.68,117530.09,105149.71,16176.86,66178.03,13235.66,22352.09,4967.02,55980.07,45325.7,2645.79,NULL,NULL,2994.35,NULL,48009.93,5951.29,NULL,2018-01-04 12:44:08.121
Cycle Gear,2018,45,438375.88,36307.78,404521.19,115252.38,103111.92,15863.35,64895.51,12979.15,21918.91,4870.76,54895.18,44447.29,2594.52,NULL,NULL,2936.32,NULL,47079.51,5835.95,NULL,2018-01-04 12:44:08.121
Cycle Gear,2018,46,422781.48,35016.2,390131.11,111152.49,99443.91,15299.04,62586.98,12517.44,21139.18,4697.49,52942.39,42866.16,2502.22,NULL,NULL,2831.86,NULL,45404.74,5628.35,NULL,2018-01-04 12:44:08.121
Cycle Gear,2018,47,422781.48,35016.2,390131.11,111152.49,99443.91,15299.04,62586.98,12517.44,21139.18,4697.49,52942.39,42866.16,2502.22,NULL,NULL,2831.86,NULL,45404.74,5628.35,NULL,2018-01-04 12:44:08.121
Cycle Gear,2018,48,429592.19,32106.89,359345.27,124581.68,83166.83,12794.88,52790.48,10558.14,21479.67,4773.26,47255.07,30071.54,3980.61,NULL,NULL,6443.8,NULL,53699.07,12887.8,NULL,2018-01-04 12:44:08.121
Cycle Gear,2018,49,429592.19,32106.89,359345.27,124581.68,83166.83,12794.88,52790.48,10558.14,21479.67,4773.26,47255.07,30071.54,3980.61,NULL,NULL,6443.8,NULL,53699.07,12887.8,NULL,2018-01-04 12:44:08.121
Cycle Gear,2018,50,433845.58,32424.78,362903.15,125815.16,83990.27,12921.56,53313.16,10662.67,21692.34,4820.52,47722.94,30369.28,4020.02,NULL,NULL,6507.6,NULL,54230.75,13015.4,NULL,2018-01-04 12:44:08.121
Cycle Gear,2018,51,418958.72,31312.17,350450.59,121497.98,81108.25,12478.18,51483.78,10296.8,20948,4655.11,46085.39,29327.19,3882.08,NULL,NULL,6284.3,NULL,52369.89,12568.8,NULL,2018-01-04 12:44:08.121
Cycle Gear,2018,52,412578.64,30835.33,345113.78,119647.75,79873.1,12288.15,50699.77,10139.99,20628.99,4584.22,45383.58,28880.59,3822.96,NULL,NULL,6188.6,NULL,51572.38,12377.39,NULL,2018-01-04 12:44:08.121